<?php xml version="1.0"?>
<schema version="0.3">
    <table name="btPaletteHeadingOption">
        <field name="bID" type="I">
            <key/>
            <unsigned/>
        </field>
        <field name="HeadingText" type="C" size="255"></field>
        <field name="HeadingImage" type="I">
            <default value="0"/>
            <unsigned/>
        </field>
        <field name="Formatting" type="C"></field>
        <field name="StyleOption" type="C"></field>
        <field name="HeadingDescription" type="X"></field>
    </table>
</schema>